{"steps": 1607, "critic_loss": 2.318709373474121, "_timestamp": 1650679254, "_runtime": 348, "episodes": 10, "episode_reward": 63.82044901923448, "average_reward": -30.620736287945125, "_step": 10}