{"steps": 109, "critic_loss": -1, "_timestamp": 1650676294, "_runtime": 25, "episodes": 0, "episode_reward": -264.00000000000006, "average_reward": -264.00000000000006, "_step": 1, "_wandb": {"runtime": 27}}