{"steps": 109, "critic_loss": -1, "_timestamp": 1650675380, "_runtime": 26, "episodes": 0, "episode_reward": -310.00000000000006, "average_reward": -310.00000000000006, "_step": 1, "_wandb": {"runtime": 28}}